Reg No,name,City,address,zip,email,mobile no,blood group
5,Donette,Hyderabad,34 Center St,45011,donette.foller@cox.net,513-570-1893,AB +
13,Kiley,Kanpur,25 E 75th St #69,90034,kiley.caldarera@aol.com,310-498-5651,AB +
21,Bette,Vadodara,6 S 33rd St,19014,bette_nicka@cox.net,610-545-3615,AB +
29,Willow,Bhubaneshwar,90991 Thorburn Ave,10011,wkusko@yahoo.com,212-582-4976,AB +
37,Jose,Trivendram,128 Bransten Rd,10011,jose@yahoo.com,212-675-8570,AB +
45,Erick,Jodhpur,20 S Babcock St,99712,erick.ferencz@aol.com,907-741-1044,AB +
53,Sabra,Bangalore,98839 Hawthorne Blvd #6101,29201,sabra@uyetake.org,803-925-5213,AB +
61,Blondell,Lucknow,201 Hawk Ct,2904,bpugh@aol.com,401-960-8259,AB +
69,Ilene,Patna,2853 S Central Expy,21061,ilene.eroman@hotmail.com,410-914-9018,AB +
77,Laurel,Rajkot,6 Kains Ave,21215,laurel_reitler@reitler.com,410-520-4832,AB +
85,Lettie,Amritsar,70 W Main St,44122,lettie_isenhower@yahoo.com,216-657-7668,AB +
93,Danica,Vijayawada,840 15th Ave,76708,danica_bruschke@gmail.com,254-782-8569,AB +
101,Alease,Chennai,4 Webbs Chapel Rd,80303,alease@buemi.com,303-301-4946,AB +
109,Donte,Cochin,3 Aspen St,1602,dkines@hotmail.com,508-429-8576,AB +
117,Shawna,Noida,5 N Cleveland Massillon Rd,91362,shawna_palaspas@palaspas.org,805-275-3566,AB +
125,Herman,Meerut,9 Norristown Rd,12180,hdemesa@cox.net,518-497-2940,AB +
133,Kimbery,Dhanbad,798 Lund Farm Way,7866,kimbery_madarang@cox.net,973-310-1634,AB +
141,Melissa,Gwalior,61 13 Stoneridge #835,45840,melissa@cox.net,419-939-3613,AB +
149,Theola,Delhi,54169 N Main St,11758,theola_frey@frey.com,516-948-5768,AB +
157,Yolando,Jaipur,422 E 21st St,13214,yolando@cox.net,315-304-4759,AB +
165,Kerry,Visakhapatnam,6916 W Main St,95827,kerry.theodorov@gmail.com,916-591-3277,AB +
173,Eun,Faridabad,84 Bloomfield Ave,29301,eun@yahoo.com,864-256-3620,AB +
181,Marguerita,Aurangabad,82 N Highway 67,94561,marguerita.hiatt@gmail.com,925-634-7158,AB +
189,Merlyn,Jabalpur,4671 Alemany Blvd,7304,merlyn_lawler@hotmail.com,201-588-7810,AB +
197,Felicidad,Mumbai,9939 N 14th St,8077,fpoullion@poullion.com,856-305-9731,AB +
205,Ronny,Pune,73 Southern Blvd,19103,ronny.caiafa@caiafa.org,215-605-7570,AB +
213,Beckie,Bhopal,7116 Western Ave,48126,beckie.silvestrini@silvestrini.com,313-533-4884,AB +
221,Avery,Nashik,93 Redmond Rd #492,32803,avery@cox.net,407-808-9439,AB +
229,Leonida,Srinagar,5 Elmwood Park Blvd,39530,leonida@gobern.org,228-235-5615,AB +
237,Taryn,Coimbatore,48 Lenox St,22030,taryn.moyd@hotmail.com,703-322-4041,AB +
245,Lorrine,Guwahati,8 Fair Lawn Ave,33614,lorrine.worlds@worlds.com,813-769-2939,AB +
253,Alyce,Surat,3196 S Rider Trl,95207,alyce@arias.org,209-317-1801,AB +
261,Jade,Thane,6882 Torresdale Ave,29201,jade.farrar@yahoo.com,803-352-5387,AB +
269,Dalene,Agra,66552 Malone Rd,3865,dalene.riden@aol.com,603-315-6839,AB +
277,Detra,Varanasi,96950 Hidden Ln,21001,detra@aol.com,410-739-9277,AB +
285,Lavonda,Howrah,87 Imperial Ct #79,58102,lavonda@cox.net,701-898-2154,AB +
293,Raul,Kota,4 E Colonial Dr,91942,rupthegrove@yahoo.com,619-509-5282,AB +
301,Kristeen,Kolkata,70099 E North Ave,76013,kristeen@gmail.com,817-213-8851,AB +
309,Fabiola,Indore,8573 Lincoln Blvd,17404,fabiola.hauenstein@hauenstein.org,717-809-3119,AB +
317,Barbra,Ludhiana,4 Kohler Memorial Dr,11230,badkin@hotmail.com,718-201-3751,AB +
325,Justine,Solapur,48 Stratford Ave,91768,jferrario@hotmail.com,909-993-3242,AB +
333,Leonora,Ranchi,3381 E 40th Ave,7055,leonora@yahoo.com,973-412-2995,AB +
341,Lashawnda,Raipur,7422 Martin Ave #8,43607,lstuer@cox.net,419-588-8719,AB +
349,Samira,Ahmedabad,8772 Old County Rd #5410,98032,sheintzman@hotmail.com,206-311-4137,AB +
357,Kristel,Nagpur,92899 Kalakaua Ave,79925,kristel.ehmann@aol.com,915-452-1290,AB +
365,Pete,Ghaziabad,2215 Prosperity Dr,7071,pdubaldi@hotmail.com,201-825-2514,AB +
373,Rodolfo,Salem,41 Steel Ct,55057,rodolfo@hotmail.com,507-210-3510,AB +
381,Erick,Allahabad,45 E Acacia Ct,60624,erick_nievas@aol.com,773-704-9903,AB +
389,Gertude,Madurai,7 Tarrytown Rd,45217,gertude.witten@gmail.com,513-977-7043,AB +
397,Dean,Hyderabad,2 Flynn Rd,11801,dean_ketelsen@gmail.com,516-847-4418,AB +
405,Tasia,Kanpur,4 Cowesett Ave,7032,tasia_andreason@yahoo.com,201-920-9002,AB +
413,Staci,Vadodara,18 Coronado Ave #563,91106,staci_schmaltz@aol.com,626-866-2339,AB +
421,Catarina,Bhubaneshwar,78 Maryland Dr #146,7834,catarina_gleich@hotmail.com,973-210-3994,AB +
429,Mari,Trivendram,1 Century Park E,92110,mari_lueckenbach@yahoo.com,858-793-9684,AB +
437,Joanna,Jodhpur,1 Washington St,33461,joanna_leinenbach@hotmail.com,561-470-4574,AB +
445,Josphine,Bangalore,63 Smith Ln #8343,38575,josphine_villanueva@villanueva.com,931-553-9774,AB +
453,Cristal,Lucknow,4119 Metropolitan Dr,90021,cristal@cox.net,213-975-8026,AB +
461,Leslie,Patna,2 A Kelley Dr,10536,leslie@cox.net,914-861-9748,AB +
469,Malcolm,Rajkot,747 Leonis Blvd,22003,malcolm_tromblay@cox.net,703-221-5602,AB +
477,Glory,Amritsar,5 E Truman Rd,79602,glory@yahoo.com,325-869-2649,AB +
485,Lili,Vijayawada,20113 4th Ave E,7032,lili.paskin@cox.net,201-431-2989,AB +
493,Jovita,Chennai,8 S Haven St,32114,joles@gmail.com,386-248-4118,AB +
