Reg No,name,City,address,zip,email,mobile no,blood group
4,Lenna,Bangalore,639 Main St,99501,lpaprocki@hotmail.com,907-385-4412,B -
12,Abel,Lucknow,37275 St  Rt 17m M,11953,amaclead@gmail.com,631-335-3414,B -
20,Fletcher,Patna,394 Manchester Blvd,61109,fletcher.flosi@yahoo.com,815-828-2147,B -
28,Ezekiel,Rajkot,2 Cedar Ave #84,21601,ezekiel@chui.com,410-669-1642,B -
36,Solange,Amritsar,426 Wolf St,70002,solange@shinko.com,504-979-9175,B -
44,Lavera,Vijayawada,678 3rd Ave,33196,lperin@perin.org,305-606-7291,B -
52,Lorrie,Chennai,39 S 7th St,37388,lnestle@hotmail.com,931-875-6644,B -
60,Deeanna,Cochin,14302 Pennsylvania Ave,19006,deeanna_juhas@gmail.com,215-211-9589,B -
68,Elly,Noida,7 W 32nd St,16502,elly_morocco@gmail.com,814-393-5571,B -
76,Moon,Meerut,74989 Brandon St,14895,moon@yahoo.com,585-866-8313,B -
84,Dominque,Dhanbad,69 Marquette Ave,94545,dominque.dickerson@dickerson.org,510-993-3758,B -
92,Cory,Gwalior,83649 W Belmont Ave,91776,cory.gibes@gmail.com,626-572-1096,B -
100,Arlene,Delhi,3 Secor Rd,70112,arlene_klusman@gmail.com,504-710-5840,B -
108,Estrella,Jaipur,64 Lakeview Ave,53511,estrella@aol.com,608-976-7199,B -
116,Glory,Visakhapatnam,55892 Jacksonville Rd,21117,gkulzer@kulzer.org,410-224-9462,B -
124,Devora,Faridabad,72868 Blackington Ave,94606,devora_perez@perez.org,510-955-3016,B -
132,Howard,Aurangabad,866 34th Ave,80231,hpaulas@gmail.com,303-623-4241,B -
140,Valentin,Jabalpur,137 Pioneer Way,60604,vklimek@klimek.org,312-303-5453,B -
148,Chau,Mumbai,429 Tiger Ln,90212,chau@gmail.com,310-560-8022,B -
156,Reita,Pune,55262 N French Rd,46240,reita.leto@gmail.com,317-234-1135,B -
164,Latrice,Bhopal,81 Norris Ave #525,11779,latrice.tolfree@hotmail.com,631-957-7624,B -
172,Irma,Nashik,9745 W Main St,7869,irma.wolfgramm@hotmail.com,973-545-7355,B -
180,Nelida,Srinagar,3 State Route 35 S,7652,nelida@gmail.com,201-971-1638,B -
188,Teri,Coimbatore,99 Tank Farm Rd,18201,tennaco@gmail.com,570-889-5187,B -
196,Andra,Guwahati,9 Church St,97302,andra@gmail.com,503-516-2189,B -
204,Fausto,Surat,5 Harrison Rd,10038,fausto_agramonte@yahoo.com,212-313-1783,B -
212,Willodean,Thane,55 Hawthorne Blvd,70506,willodean_konopacki@konopacki.org,337-253-8384,B -
220,Glendora,Agra,2140 Diamond Blvd,94928,gsarbacher@gmail.com,707-653-8214,B -
228,Earleen,Varanasi,75684 S Withlapopka Dr #32,75227,earleen_mai@cox.net,214-289-1973,B -
236,Yoko,Howrah,9122 Carpenter Ave,6511,yoko@fishburne.com,203-506-4706,B -
244,My,Kota,8 Mcarthur Ln,18954,my@hotmail.com,215-491-5633,B -
252,Benedict,Kolkata,4923 Carey Ave,63104,bsama@cox.net,314-787-1588,B -
260,Skye,Indore,25 Minters Chapel Rd #9,55401,skye_fillingim@yahoo.com,612-508-2655,B -
268,Buddy,Ludhiana,944 Gaither Dr,44136,buddy.cloney@yahoo.com,440-989-5826,B -
276,Ma,Solapur,78112 Morris Ave,6473,mlayous@hotmail.com,203-721-3388,B -
284,Carmen,Ranchi,61304 N French Rd,8873,csweigard@sweigard.com,732-941-2621,B -
292,Filiberto,Raipur,3882 W Congress St #799,90016,ftawil@hotmail.com,323-765-2528,B -
300,Tresa,Ahmedabad,22 Bridle Ln,63088,tresa_sweely@hotmail.com,314-359-9566,B -
308,Loreta,Nagpur,47857 Coney Island Ave,20735,loreta.timenez@hotmail.com,301-696-6420,B -
316,Whitley,Ghaziabad,2 S 15th St,76107,whitley.tomasulo@aol.com,817-526-4408,B -
324,France,Salem,64 Newman Springs Rd E,11219,france.buzick@yahoo.com,718-478-8504,B -
332,Kirk,Allahabad,88 15th Ave Ne,13850,kirk.herritt@aol.com,607-407-3716,B -
340,Sherita,Madurai,8 Us Highway 22,80937,sherita.saras@cox.net,719-669-1664,B -
348,Roselle,Hyderabad,8116 Mount Vernon Ave,44820,roselle.estell@hotmail.com,419-571-5920,B -
356,Audry,Kanpur,70295 Pioneer Ct,33511,audry.yaw@yaw.org,813-797-4816,B -
364,Krissy,Vadodara,8728 S Broad St,11727,krauser@cox.net,631-443-4710,B -
372,Izetta,Bhubaneshwar,82 Winsor St #54,30340,izetta.funnell@hotmail.com,770-844-3447,B -
380,Gayla,Trivendram,38 Pleasant Hill Rd,94545,gschnitzler@gmail.com,510-686-3407,B -
388,Dalene,Jodhpur,910 Rahway Ave,19102,dalene@schoeneck.org,215-268-1275,B -
396,Annelle,Bangalore,5 W 7th St,21234,annelle@yahoo.com,410-757-1035,B -
404,Teddy,Lucknow,46314 Route 130,6610,teddy_pedrozo@aol.com,203-892-3863,B -
412,Bernardine,Patna,2 W Grand Ave,38112,bernardine_rodefer@yahoo.com,901-901-4726,B -
420,Golda,Rajkot,6201 S Nevada Ave,8755,golda_kaniecki@yahoo.com,732-628-9909,B -
428,Trinidad,Amritsar,10276 Brooks St,94105,trinidad_mcrae@yahoo.com,415-331-9634,B -
436,Iluminada,Vijayawada,72 Southern Blvd,85204,iluminada.ohms@yahoo.com,480-293-2882,B -
444,Jeanice,Chennai,19 Amboy Ave,33142,jeanice.claucherty@yahoo.com,305-988-4162,B -
452,Lonna,Cochin,1482 College Ave,28301,lonna_diestel@gmail.com,910-922-3672,B -
460,Cecilia,Noida,4 Nw 12th St #3849,53717,cecilia_colaizzo@colaizzo.com,608-382-4541,B -
468,Colette,Meerut,21575 S Apple Creek Rd,68124,colette.kardas@yahoo.com,402-896-5943,B -
476,Roslyn,Dhanbad,63517 Dupont St,39211,roslyn.chavous@chavous.org,601-234-9632,B -
484,Janey,Gwalior,40 Cambridge Ave,53715,jgabisi@hotmail.com,608-967-7194,B -
492,Thaddeus,Delhi,5 Washington St #1,95678,tankeny@ankeny.org,916-920-3571,B -
500,Chauncey,Jaipur,63 E Aurora Dr,32804,chauncey_motley@aol.com,407-413-4842,B -
