Reg No,name,City,address,zip,email,mobile no,blood group
3,Art,Chennai,8 W Cerritos Ave #54,8014,art@venere.org,856-636-8749,B +
11,Minna,Cochin,2371 Jerrold Ave,19443,minna_amigon@yahoo.com,215-874-1229,B +
19,Yuki,Noida,1 State Route 27,48180,yuki_whobrey@aol.com,313-288-7937,B +
27,Chanel,Meerut,86 Nw 66th St #8673,66218,chanel.caudy@caudy.org,913-388-2079,B +
35,Alishia,Dhanbad,2742 Distribution Way,10025,asergi@gmail.com,212-860-1579,B +
43,Roxane,Gwalior,1048 Main St,99708,roxane@hotmail.com,907-231-4722,B +
51,Brock,Delhi,4486 W O St #1,10003,bbolognia@yahoo.com,212-402-9216,B +
59,Delmy,Jaipur,65895 S 16th St,2909,delmy.ahle@hotmail.com,401-458-2547,B +
67,Penney,Visakhapatnam,18 Fountain St,99515,penney_weight@aol.com,907-797-9628,B +
75,Tamar,Faridabad,2737 Pistorio Rd #9230,43140,tamar@hotmail.com,740-343-8575,B +
83,Arlette,Aurangabad,11279 Loytan St,32254,ahoneywell@honeywell.com,904-775-4480,B +
91,Tammara,Jabalpur,4800 Black Horse Pike,94010,twardrip@cox.net,650-803-1936,B +
99,Lisha,Mumbai,64 5th Ave #1153,22102,lisha@centini.org,703-235-3937,B +
107,Twana,Pune,1 Commerce Way,97224,twana.felger@felger.org,503-939-3153,B +
115,Pamella,Bhopal,5161 Dorsett Rd,33030,pamella.schmierer@schmierer.org,305-420-8970,B +
123,Lindsey,Nashik,52777 Leaders Heights Rd,91761,lindsey.dilello@hotmail.com,909-639-9887,B +
131,Rolande,Srinagar,65 W Maple Ave,96782,rolande.spickerman@spickerman.com,808-315-3077,B +
139,Leatha,Coimbatore,627 Walford Ave,75227,lhagele@cox.net,214-339-1809,B +
147,Gearldine,Guwahati,4 Bloomfield Ave,75061,gearldine_gellinger@gellinger.com,972-934-6914,B +
155,Arminda,Surat,1 Huntwood Ave,85017,arminda@parvis.com,602-906-9419,B +
163,Larae,Thane,6651 Municipal Rd,70360,larae_gudroe@gmail.com,985-890-7262,B +
171,Jennifer,Agra,44 58th St,60090,jfallick@yahoo.com,847-979-9545,B +
179,Stephaine,Varanasi,3717 Hamann Industrial Pky,94104,stephaine@cox.net,415-767-6596,B +
187,Merilyn,Howrah,195 13n N,95054,merilyn_bayless@cox.net,408-758-5015,B +
195,Karan,Kota,3 Elmwood Dr,97005,karan_karpin@gmail.com,503-940-8327,B +
203,Ashlyn,Kolkata,703 Beville Rd,33054,apinilla@cox.net,305-670-9628,B +
211,Franklyn,Indore,4379 Highway 116,19103,femard@emard.com,215-558-8189,B +
219,Rima,Ludhiana,2972 Lafayette Ave,90248,rima@cox.net,310-858-5079,B +
227,Alaine,Solapur,7667 S Hulen St #42,10701,alaine_bergesen@cox.net,914-300-9193,B +
235,Salena,Ranchi,1 Garfield Ave #7,44707,skarpel@cox.net,330-791-8557,B +
243,Ceola,Raipur,96263 Greenwood Pl,4864,ceola.setter@setter.org,207-627-7565,B +
251,Rhea,Ahmedabad,25657 Live Oak St,11226,rhea_aredondo@cox.net,718-560-9537,B +
259,Martina,Nagpur,7 W Wabansia Ave #227,32822,martina_staback@staback.com,407-471-6908,B +
267,Johnna,Ghaziabad,5 S Colorado Blvd #449,98021,jengelberg@engelberg.org,425-986-7573,B +
275,Alecia,Salem,6535 Joyce St,76301,alecia@aol.com,940-276-7922,B +
283,Noah,Allahabad,1950 5th Ave,53209,noah.kalafatis@aol.com,414-263-5287,B +
291,Cathrine,Madurai,812 S Haven St,79109,cathrine.pontoriero@pontoriero.com,806-703-1435,B +
299,Felix,Hyderabad,7563 Cornwall Rd #4462,17517,felix_hirpara@cox.net,717-491-5643,B +
307,Goldie,Kanpur,34 Saint George Ave #2,4401,goldie.schirpke@yahoo.com,207-295-7569,B +
315,Lilli,Vadodara,33 State St,79601,lilli@aol.com,325-631-1560,B +
323,Lorean,Bhubaneshwar,85092 Southern Blvd,78204,lorean.martabano@hotmail.com,210-856-4979,B +
331,Aja,Trivendram,993 Washington Ave,7110,aja_gehrett@hotmail.com,973-544-2677,B +
339,Kaitlyn,Jodhpur,2 S Biscayne Blvd,21230,kaitlyn.ogg@gmail.com,410-665-4903,B +
347,Helene,Bangalore,347 Chestnut St,85381,helene@aol.com,623-461-8551,B +
355,Louvenia,Lucknow,598 43rd St,90210,louvenia.beech@beech.com,310-820-2117,B +
363,Maile,Patna,9 Plainsboro Rd #598,27409,mlinahan@yahoo.com,336-670-2640,B +
371,Sheron,Rajkot,97 E 3rd St #9,11101,sheron@aol.com,718-976-8610,B +
379,Cyril,Amritsar,3 Lawton St,10013,cyril_daufeldt@daufeldt.com,212-745-8484,B +
387,Gail,Vijayawada,735 Crawford Dr,99501,gail@kitty.com,907-435-9166,B +
395,Mireya,Chennai,8429 Miller Rd,10803,mireya.frerking@hotmail.com,914-868-5965,B +
403,Brett,Cochin,87895 Concord Rd,91942,brett.mccullan@mccullan.com,619-461-9984,B +
411,Mitzie,Noida,17 Jersey Ave,80110,mitzie_hudnall@yahoo.com,303-402-1940,B +
419,Merissa,Meerut,34 Raritan Center Pky,90706,merissa.tomblin@gmail.com,562-579-6900,B +
427,Hoa,Dhanbad,27846 Lafayette Ave,32759,hoa@sarao.org,386-526-7800,B +
435,Ahmed,Gwalior,2 W Beverly Blvd,17110,ahmed.angalich@angalich.com,717-528-8996,B +
443,Cecil,Delhi,4 Stovall St #72,7087,clapage@lapage.com,201-693-3967,B +
451,Lonny,Jaipur,51120 State Route 18,84115,lonny_weglarz@gmail.com,801-293-9853,B +
459,Daniela,Visakhapatnam,7 Flowers Rd #403,8611,dcomnick@cox.net,609-200-8577,B +
467,Vi,Faridabad,7163 W Clark Rd,7728,vrentfro@cox.net,732-605-4781,B +
475,Diane,Aurangabad,1953 Telegraph Rd,64504,diane@cox.net,816-557-9673,B +
483,Gilma,Jabalpur,16452 Greenwich St,11530,gilma_liukko@gmail.com,516-393-9967,B +
491,Carlee,Mumbai,8284 Hart St,67410,carlee.boulter@hotmail.com,785-347-1805,B +
499,Jani,Pune,61556 W 20th Ave,98104,jbiddy@yahoo.com,206-711-6498,B +
