Reg No,name,City,address,zip,email,mobile no,blood group
1,James,Mumbai,6649 N Blue Gum St,70116,jbutt@gmail.com,504-621-8927,O +
2,Josephine,Delhi,4 B Blue Ridge Blvd,48116,josephine_darakjy@darakjy.org,810-292-9388,O +
9,Sage,Pune,5 Boston Ave #88,57105,sage_wieser@cox.net,605-414-2147,O +
10,Kris,Jaipur,228 Runamuck Pl #2808,21224,kris@gmail.com,410-655-8723,O +
17,Meaghan,Bhopal,69734 E Carrillo St,37110,meaghan@hotmail.com,931-313-9635,O +
18,Gladys,Visakhapatnam,322 New Horizon Blvd,53207,gladys.rim@rim.org,414-661-9598,O +
25,Alisha,Nashik,3273 State St,8846,alisha@slusarski.com,732-658-3154,O +
26,Allene,Faridabad,1 Central Ave,54481,allene_iturbide@cox.net,715-662-6764,O +
33,Ernie,Srinagar,45 E Liberty St,7660,ernie_stenseth@aol.com,201-709-6245,O +
34,Albina,Aurangabad,4 Ralph Ct,8812,albina@glick.com,732-924-7882,O +
41,Youlanda,Coimbatore,2881 Lewis Rd,97754,youlanda@aol.com,541-548-8197,O +
42,Dyan,Jabalpur,7219 Woodfield Rd,66204,doldroyd@aol.com,913-413-4604,O +
49,Emerson,Guwahati,762 S Main St,53711,emerson.bowley@bowley.org,608-336-7444,O +
50,Blair,Mumbai,209 Decker Dr,19132,bmalet@yahoo.com,215-907-9111,O +
57,Amber,Surat,14288 Foster Ave #4121,19046,amber_monarrez@monarrez.org,215-934-8655,O +
58,Shenika,Pune,4 Otis St,91405,shenika@gmail.com,818-423-4007,O +
65,Maurine,Thane,59 Shady Ln #53,53214,maurine_yglesias@yglesias.com,414-748-1374,O +
66,Tawna,Bhopal,3305 Nabell Ave #679,10009,tawna@gmail.com,212-674-9610,O +
73,Bobbye,Agra,30 W 80th St #1995,94070,brhym@rhym.com,650-528-5783,O +
74,Micaela,Nashik,20932 Hedley St,94520,micaela_rhymes@gmail.com,925-647-3298,O +
81,Devorah,Varanasi,31 Douglas Blvd #950,88101,devorah@hotmail.com,505-975-8559,O +
82,Timothy,Srinagar,44 W 4th St,10309,timothy_mulqueen@mulqueen.org,718-332-6527,O +
89,Stephen,Howrah,3777 E Richmond St #900,44302,stephen_emigh@hotmail.com,330-537-5358,O +
90,Tyra,Coimbatore,3 Fort Worth Ave,19106,tshields@gmail.com,215-255-1641,O +
97,Malinda,Kota,55 Riverside Ave,46202,malinda.hochard@yahoo.com,317-722-5066,O +
98,Natalie,Guwahati,7140 University Ave,82901,natalie.fern@hotmail.com,307-704-8713,O +
105,Rosio,Kolkata,4 10th St W,27263,rosio.cork@gmail.com,336-243-5659,O +
106,Celeste,Surat,7 W Pinhook Rd,11563,ckorando@hotmail.com,516-509-2347,O +
113,Jesusa,Indore,2239 Shawnee Mission Pky,37388,jshin@shin.com,931-273-8709,O +
114,Rolland,Thane,2726 Charcot Ave,7501,rolland@cox.net,973-649-2922,O +
121,Ty,Ludhiana,4646 Kaahumanu St,7601,tsmith@aol.com,201-672-1553,O +
122,Xuan,Agra,2 Monroe St,94403,xuan@gmail.com,650-933-5072,O +
129,Lucina,Solapur,8597 W National Ave,32922,lucina_lary@cox.net,321-749-4981,O +
130,Bok,Varanasi,6 Gilson St,10468,bok.isaacs@aol.com,718-809-3762,O +
137,Marti,Ranchi,4 Warehouse Point Rd #7,60638,marti.maybury@yahoo.com,773-775-4522,O +
138,Nieves,Howrah,4940 Pulaski Park Dr,97202,nieves_gotter@gmail.com,503-527-5274,O +
145,Daren,Raipur,9 N College Ave #3,53216,dweirather@aol.com,414-959-2540,O +
146,Fernanda,Kota,60480 Old Us Highway 51,21655,fjillson@aol.com,410-387-5260,O +
153,Lezlie,Ahmedabad,749 W 18th St #45,27577,lezlie.craghead@craghead.org,919-533-3762,O +
154,Ozell,Kolkata,8 Industry Ln,10002,oshealy@hotmail.com,212-332-8435,O +
161,Chantell,Nagpur,2023 Greg St,55101,chantell@yahoo.com,651-591-2583,O +
162,Dierdre,Indore,63381 Jenks Ave,19134,dyum@yahoo.com,215-325-3042,O +
169,Novella,Ghaziabad,303 N Radcliffe St,96720,novella_degroot@degroot.org,808-477-4775,O +
170,Clay,Ludhiana,73 Saint Ann St #86,89502,choa@hoa.org,775-501-8109,O +
177,Joesph,Salem,2887 Knowlton St #5435,94710,joesph_degonia@degonia.org,510-677-9785,O +
178,Annabelle,Solapur,523 Marquette Ave,1742,annabelle.boord@cox.net,978-697-6263,O +
185,Benton,Allahabad,47939 Porter Ave,90248,benton.skursky@aol.com,310-579-2907,O +
186,Hillary,Ranchi,9 Wales Rd Ne #914,34448,hillary.skulski@aol.com,352-242-2570,O +
193,Melodie,Madurai,326 E Main St #6496,91362,mknipp@gmail.com,805-690-1682,O +
194,Candida,Raipur,406 Main St,8876,candida_corbley@hotmail.com,908-275-8357,O +
201,Barrett,Hyderabad,4252 N Washington Ave #9,76060,barrett.toyama@toyama.org,817-765-5781,O +
202,Helga,Ahmedabad,42754 S Ash Ave,14228,helga_fredicks@yahoo.com,716-752-4114,O +
209,Mozell,Kanpur,577 Parade St,94080,mpelkowski@pelkowski.org,650-947-1215,O +
210,Viola,Nagpur,70 Mechanic St,91325,viola@gmail.com,818-864-4875,O +
217,Freeman,Vadodara,383 Gunderman Rd #197,19320,freeman_gochal@aol.com,610-476-3501,O +
218,Vincent,Ghaziabad,4441 Point Term Mkt,19143,vincent.meinerding@hotmail.com,215-372-1718,O +
225,Virgina,Bhubaneshwar,755 Harbor Way,53226,virgina_tegarden@tegarden.com,414-214-8697,O +
226,Tiera,Salem,87 Sierra Rd,91731,tfrankel@aol.com,626-636-4117,O +
233,Chaya,Trivendram,560 Civic Center Dr,48103,chaya@malvin.com,734-928-5182,O +
234,Gwenn,Allahabad,3270 Dequindre Rd,11729,gwenn_suffield@suffield.org,631-258-6558,O +
241,Lashon,Jodhpur,433 Westminster Blvd #590,95661,lashon@aol.com,916-741-7884,O +
242,Lauran,Madurai,66697 Park Pl #3224,82501,lburnard@burnard.com,307-342-7795,O +
